{
	"pages": [ //pages数组中第一项表示应用启动页，参考：https://uniapp.dcloud.io/collocation/pages
		{
			"path": "pages/index/index",
			"style": {
				"navigationBarTitleText": "uni-canvas"
			}
		},
		{
			"path": "pages/canvas/animation",
			"style": {
				"navigationBarTitleText": "Animation"
			}
		},
		{
			"path": "pages/canvas/canvas",
			"style": {
				"navigationBarTitleText": "CanvasAPI"
			}
		},
		{
			"path": "pages/canvas/webGL",
			"style": {
				"navigationBarTitleText": "webGL"
			}
		},
		{
			"path": "pages/canvas/ucharts",
			"style": {
				"navigationBarTitleText": "原生uCharts"
			}
		},
		{
			"path": "pages/canvas/qiun-data-charts",
			"style": {
				"navigationBarTitleText": "qiun-data-charts组件"
			}
		}
	],
	"globalStyle": {
		"navigationBarTextStyle": "black",
		"navigationBarTitleText": "uni-app",
		"navigationBarBackgroundColor": "#F8F8F8",
		"backgroundColor": "#F8F8F8"
	}
}
